<?xml version="1.0" encoding="utf-8"?>
<dleplugin>
	<name> Advanced Search </name>
	<description> Advanced Search CMS DLE </description>
	<icon></icon>
	<version> 0.1.2 </version>
	<dleversion> 16.0 </dleversion>
	<versioncompare> greater </versioncompare>
	<upgradeurl></upgradeurl>
	<filedelete> 1 </filedelete>
	<needplugin></needplugin>
	<mnotice> 1 </mnotice>
	<mysqlinstall> <![CDATA[]]> </mysqlinstall>
	<mysqlupgrade> <![CDATA[]]> </mysqlupgrade>
	<mysqlenable>
		<![CDATA[INSERT INTO {prefix}_admin_sections (name, title, descr, icon, allow_groups) VALUES ('advancedsearch', 'Advanced Search', 'Advanced Search CMS', '/engine/skins/images/icons/advancedsearch.png', 1);]]>
	</mysqlenable>
	<mysqldisable>
		<![CDATA[DELETE FROM {prefix}_admin_sections WHERE `name` = 'advancedsearch']]>
	</mysqldisable>
	<mysqldelete>
		<![CDATA[DELETE FROM {prefix}_admin_sections WHERE `name` = 'advancedsearch';]]>
	</mysqldelete>
	<phpinstall><![CDATA[]]></phpinstall>
	<phpupgrade><![CDATA[]]></phpupgrade>
	<phpenable><![CDATA[]]></phpenable>
	<phpdisable><![CDATA[]]></phpdisable>
	<phpdelete><![CDATA[]]></phpdelete>
	<file> </file>
	<notice>
<![CDATA[
Module creator ehmedp,

The AdvancedSearch plugin enhances search capabilities on your DataLife Engine website. 

It allows users to perform advanced searches across different sections with customizable filters and options. 

Easily configurable and lightweight, this plugin provides a more refined search experience for your site's visitors.]]>

	</notice>
</dleplugin>